epoch,step,val_loss
0,1,4.299139499664307
1,3,4.300270080566406
