epoch,step,val_loss
0,1,4.329116344451904
1,3,4.309697151184082
2,5,4.261571884155273
