epoch,step,val_loss
0,1,4.299134731292725
1,3,4.300271987915039
2,5,4.335002422332764
3,7,4.194528579711914
4,9,4.392538070678711
5,11,4.545500755310059
