epoch,step,val_loss
0,1,4.299142360687256
1,3,4.300269603729248
2,5,4.334995269775391
3,7,4.194530487060547
4,9,4.3925323486328125
5,11,4.545504093170166
