Wonderful,epoch,step
4.30775260925293,0,1
4.305258750915527,1,3
4.312694549560547,2,5
4.2890625,3,7
4.306307792663574,4,9
4.340478897094727,5,11
