epoch,step,val_loss
0,1,4.299135684967041
1,3,4.300269603729248
